{
    "root_group": {
        "name": "",
        "path": "",
        "id": "d41d8cd98f00b204e9800998ecf8427e",
        "groups": {},
        "checks": {
                "login status is 200": {
                    "id": "baba87e761865dc93085ee0c1fe25f4c",
                    "passes": 25,
                    "fails": 0,
                    "name": "login status is 200",
                    "path": "::login status is 200"
                },
                "login has a body": {
                    "name": "login has a body",
                    "path": "::login has a body",
                    "id": "2015d2a853c0d348a54b5221af5c8883",
                    "passes": 25,
                    "fails": 0
                },
                "login return token": {
                    "name": "login return token",
                    "path": "::login return token",
                    "id": "926a00393e7595184513e4446fbef49f",
                    "passes": 0,
                    "fails": 25
                }
            }
    },
    "metrics": {
        "checks": {
            "passes": 50,
            "fails": 25,
            "thresholds": {
                "rate>0.99": true
            },
            "value": 0.6666666666666666
        },
        "http_reqs": {
            "rate": 0.81117214810189,
            "count": 25
        },
        "http_req_receiving": {
            "max": 2.3048,
            "p(90)": 1.2380000000000009,
            "p(95)": 1.5088000000000001,
            "avg": 0.38298800000000005,
            "min": 0,
            "med": 0
        },
        "http_req_duration": {
            "avg": 227.07639200000003,
            "min": 217.1093,
            "med": 224.6545,
            "max": 255.6167,
            "p(90)": 234.28428,
            "p(95)": 237.41392,
            "thresholds": {
                "p(95)<800": false
            }
        },
        "vus_max": {
            "value": 1,
            "min": 1,
            "max": 1
        },
        "iteration_duration": {
            "avg": 1232.7839439999998,
            "min": 1217.4638,
            "med": 1226.5272,
            "max": 1348.413,
            "p(90)": 1237.78406,
            "p(95)": 1253.24434
        },
        "http_req_duration{expected_response:true}": {
            "max": 255.6167,
            "p(90)": 234.28428,
            "p(95)": 237.41392,
            "avg": 227.07639200000003,
            "min": 217.1093,
            "med": 224.6545
        },
        "vus": {
            "min": 1,
            "max": 1,
            "value": 1
        },
        "http_req_waiting": {
            "p(95)": 237.06008,
            "avg": 226.666572,
            "min": 217.1093,
            "med": 224.6545,
            "max": 255.6167,
            "p(90)": 234.28428
        },
        "http_req_failed": {
            "passes": 0,
            "fails": 25,
            "thresholds": {
                "rate<0.01": false
            },
            "value": 0
        },
        "iterations": {
            "count": 25,
            "rate": 0.81117214810189
        },
        "data_received": {
            "count": 16119,
            "rate": 523.0113542101745
        },
        "http_req_tls_handshaking": {
            "max": 71.7534,
            "p(90)": 0,
            "p(95)": 0,
            "avg": 2.870136,
            "min": 0,
            "med": 0
        },
        "data_sent": {
            "count": 7278,
            "rate": 236.1484357554222
        },
        "http_req_connecting": {
            "avg": 0.8482040000000001,
            "min": 0,
            "med": 0,
            "max": 21.2051,
            "p(90)": 0,
            "p(95)": 0
        },
        "http_req_blocked": {
            "avg": 4.597300000000001,
            "min": 0,
            "med": 0,
            "max": 114.9325,
            "p(90)": 0,
            "p(95)": 0
        },
        "http_req_sending": {
            "p(95)": 0,
            "avg": 0.026831999999999998,
            "min": 0,
            "med": 0,
            "max": 0.6708,
            "p(90)": 0
        }
    }
}